{"AP": {"BaseballPitch": 0.3646852803554049, "BasketballDunk": 0.7178623628798839, "Billiards": 0.32143927414467355, "CleanAndJerk": 0.7420251804272797, "CliffDiving": 0.8255989325013984, "CricketBowling": 0.4320175216571657, "CricketShot": 0.22971865302741776, "Diving": 0.8079335574286376, "FrisbeeCatch": 0.2463248890543207, "GolfSwing": 0.47788958336750575, "HammerThrow": 0.8624181412541883, "HighJump": 0.565740988497546, "JavelinThrow": 0.7020572292443936, "LongJump": 0.8215338855716344, "PoleVault": 0.8739388432072593, "Shotput": 0.6917048718373668, "SoccerPenalty": 0.3489831522512785, "TennisSwing": 0.5295322420846738, "ThrowDiscus": 0.6209429890147571, "VolleyballSpiking": 0.3446544912556435}, "mAP": 0.5763501034531215}