{"AP": {"Background": 0.9426542157770358, "BaseballPitch": 0.4050511146326927, "BasketballDunk": 0.7284347015401282, "Billiards": 0.30829096663380473, "CleanAndJerk": 0.6919961982263027, "CliffDiving": 0.8282281237842287, "CricketBowling": 0.4451318615015128, "CricketShot": 0.25613333926300136, "Diving": 0.8024598718387453, "FrisbeeCatch": 0.26610459049112895, "GolfSwing": 0.48978904038413157, "HammerThrow": 0.8700974329025228, "HighJump": 0.5913554725147327, "JavelinThrow": 0.715350048388395, "LongJump": 0.8197090257378057, "PoleVault": 0.8847577871412882, "Shotput": 0.7144000011050929, "SoccerPenalty": 0.3542804321063261, "TennisSwing": 0.5838360790435697, "ThrowDiscus": 0.6276516448509389, "VolleyballSpiking": 0.2872783306039875}, "mAP": 0.6006185846889225}