{"AP": {"BaseballPitch": 0.35968265349932893, "BasketballDunk": 0.7508426091652532, "Billiards": 0.31031522117166505, "CleanAndJerk": 0.7337392552675053, "CliffDiving": 0.831499982527389, "CricketBowling": 0.4261965210711558, "CricketShot": 0.2259940871824469, "Diving": 0.8114396881373479, "FrisbeeCatch": 0.28736321187310443, "GolfSwing": 0.5259273744107075, "HammerThrow": 0.864531024259166, "HighJump": 0.602095312054385, "JavelinThrow": 0.6987886933937695, "LongJump": 0.8197170791931531, "PoleVault": 0.8742835901601316, "Shotput": 0.7106559271061689, "SoccerPenalty": 0.37571417618449776, "TennisSwing": 0.5707106215270953, "ThrowDiscus": 0.5912453420016182, "VolleyballSpiking": 0.3418937697509713}, "mAP": 0.585631806996843}