{"AP": {"BaseballPitch": 0.3850432856261104, "BasketballDunk": 0.7441754512180577, "Billiards": 0.27604368393063294, "CleanAndJerk": 0.7252555480225241, "CliffDiving": 0.8192729820901546, "CricketBowling": 0.497504918042825, "CricketShot": 0.2568223227057271, "Diving": 0.8066617750193735, "FrisbeeCatch": 0.21529640290075716, "GolfSwing": 0.4959982455210443, "HammerThrow": 0.8407910346147804, "HighJump": 0.48780310047286896, "JavelinThrow": 0.650497454160039, "LongJump": 0.8384144328044314, "PoleVault": 0.8526603788839966, "Shotput": 0.6528104686655458, "SoccerPenalty": 0.40769299688041494, "TennisSwing": 0.5088188996594003, "ThrowDiscus": 0.49514928352033416, "VolleyballSpiking": 0.31817457469278676}, "mAP": 0.5637443619715903}