{"AP": {"BaseballPitch": 0.36332097901577026, "BasketballDunk": 0.7266108157352378, "Billiards": 0.3334863788898213, "CleanAndJerk": 0.7157816374589621, "CliffDiving": 0.81443608955481, "CricketBowling": 0.40326615303809016, "CricketShot": 0.20963371915072693, "Diving": 0.7819368475771147, "FrisbeeCatch": 0.19127138685485337, "GolfSwing": 0.4914085020095882, "HammerThrow": 0.8337311143585234, "HighJump": 0.5073312086798334, "JavelinThrow": 0.6775659843330328, "LongJump": 0.7768558859101043, "PoleVault": 0.865670274729651, "Shotput": 0.6385554497255663, "SoccerPenalty": 0.3115527894068415, "TennisSwing": 0.4617848912132961, "ThrowDiscus": 0.577180165361102, "VolleyballSpiking": 0.24925288506277632}, "mAP": 0.5465316579032852}