{"AP": {"BaseballPitch": 0.39717603213701763, "BasketballDunk": 0.7464429553323242, "Billiards": 0.29779109179031077, "CleanAndJerk": 0.7497199339812358, "CliffDiving": 0.8252954846832838, "CricketBowling": 0.45714045484114163, "CricketShot": 0.21512862322762044, "Diving": 0.7971286989264722, "FrisbeeCatch": 0.23276906102783396, "GolfSwing": 0.5410035854183307, "HammerThrow": 0.8595986959774818, "HighJump": 0.5954329853730262, "JavelinThrow": 0.697488513721072, "LongJump": 0.814783354738797, "PoleVault": 0.8811724541485262, "Shotput": 0.6951326872122267, "SoccerPenalty": 0.361188221211089, "TennisSwing": 0.5434795791733733, "ThrowDiscus": 0.5825735251555729, "VolleyballSpiking": 0.2942403867737143}, "mAP": 0.5792343162425225}