{"AP": {"BaseballPitch": 0.0962928362164917, "BasketballDunk": 0.6455556825715705, "Billiards": 0.2952431214850606, "CleanAndJerk": 0.7593265244722558, "CliffDiving": 0.6953218314691676, "CricketBowling": 0.28064392420728485, "CricketShot": 0.18973958121881107, "Diving": 0.7787463206773257, "FrisbeeCatch": 0.310346888987039, "GolfSwing": 0.3682717423207775, "HammerThrow": 0.7953681497381055, "HighJump": 0.46569678644755697, "JavelinThrow": 0.5979171311116933, "LongJump": 0.7495098462455008, "PoleVault": 0.8408558175395928, "Shotput": 0.5698589781312382, "SoccerPenalty": 0.15732006462497045, "TennisSwing": 0.37881730031531125, "ThrowDiscus": 0.60992825781791, "VolleyballSpiking": 0.2740961986455798}, "mAP": 0.49294284921216225}