{"AP": {"BaseballPitch": 0.2898681105330925, "BasketballDunk": 0.6791400572397585, "Billiards": 0.34324411718670744, "CleanAndJerk": 0.7103763615623424, "CliffDiving": 0.811291703071635, "CricketBowling": 0.37177497971171414, "CricketShot": 0.2072794340434549, "Diving": 0.7896450475464794, "FrisbeeCatch": 0.19407268588204005, "GolfSwing": 0.4233628147427798, "HammerThrow": 0.8132287218123345, "HighJump": 0.48589059505098786, "JavelinThrow": 0.623834425864101, "LongJump": 0.7730687717447737, "PoleVault": 0.8663988199277637, "Shotput": 0.6098148407756576, "SoccerPenalty": 0.26516890139434734, "TennisSwing": 0.38390552365754443, "ThrowDiscus": 0.6087714161117974, "VolleyballSpiking": 0.2207657401951876}, "mAP": 0.5235451534027249}