{"AP": {"BaseballPitch": 0.2944232721147435, "BasketballDunk": 0.7072597871308972, "Billiards": 0.3298339563917017, "CleanAndJerk": 0.7144057604001937, "CliffDiving": 0.7956596361384015, "CricketBowling": 0.37367184313860313, "CricketShot": 0.20490392664964324, "Diving": 0.8094444144317954, "FrisbeeCatch": 0.22528288676038752, "GolfSwing": 0.5078673248753282, "HammerThrow": 0.8173671576290622, "HighJump": 0.408353743257858, "JavelinThrow": 0.6375265014047424, "LongJump": 0.7589003434566302, "PoleVault": 0.8605881805697273, "Shotput": 0.6374385176887689, "SoccerPenalty": 0.3281976600545687, "TennisSwing": 0.4827760426518355, "ThrowDiscus": 0.5071973543899602, "VolleyballSpiking": 0.23292530720311067}, "mAP": 0.531701180816898}