{"AP": {"BaseballPitch": 0.008835647066123045, "BasketballDunk": 0.17190540025554615, "Billiards": 0.15266301368307933, "CleanAndJerk": 0.6432333998792258, "CliffDiving": 0.5856819945602814, "CricketBowling": 0.09169217551073977, "CricketShot": 0.08068398492646693, "Diving": 0.7802781070923749, "FrisbeeCatch": 0.010625202886402608, "GolfSwing": 0.028195657989612606, "HammerThrow": 0.651324734729538, "HighJump": 0.11363130798147561, "JavelinThrow": 0.27872893011524913, "LongJump": 0.5043098764818307, "PoleVault": 0.6955140868728477, "Shotput": 0.22268320146616533, "SoccerPenalty": 0.028902017770852377, "TennisSwing": 0.16071430946505877, "ThrowDiscus": 0.11554974604648734, "VolleyballSpiking": 0.08663019331657318}, "mAP": 0.27058914940479656}