{"AP": {"BaseballPitch": 0.3166289270890504, "BasketballDunk": 0.7293114194189142, "Billiards": 0.3312993515207706, "CleanAndJerk": 0.6638217490827405, "CliffDiving": 0.7454314165469592, "CricketBowling": 0.3894492014947277, "CricketShot": 0.15974129356914168, "Diving": 0.7549549640862794, "FrisbeeCatch": 0.1908378801306074, "GolfSwing": 0.3778514984301487, "HammerThrow": 0.8263742562062419, "HighJump": 0.44050979816489666, "JavelinThrow": 0.6237054636172161, "LongJump": 0.7856311347132471, "PoleVault": 0.8375094843605011, "Shotput": 0.626274299323304, "SoccerPenalty": 0.25470129824170124, "TennisSwing": 0.4247252691303348, "ThrowDiscus": 0.6038832177057057, "VolleyballSpiking": 0.26686872302163717}, "mAP": 0.5174755322927063}