{"AP": {"BaseballPitch": 0.04324129042033727, "BasketballDunk": 0.4915412125180711, "Billiards": 0.24340401129764808, "CleanAndJerk": 0.7109592975684181, "CliffDiving": 0.6739148724563635, "CricketBowling": 0.1542771494615409, "CricketShot": 0.12283581898149526, "Diving": 0.8190470328820003, "FrisbeeCatch": 0.0292630587600811, "GolfSwing": 0.08974357756006945, "HammerThrow": 0.7204454232255713, "HighJump": 0.19697656370138106, "JavelinThrow": 0.4471484561759959, "LongJump": 0.7199648912773895, "PoleVault": 0.8064173057134956, "Shotput": 0.38188430568366727, "SoccerPenalty": 0.026900410295877038, "TennisSwing": 0.14236530512866313, "ThrowDiscus": 0.24631851397996074, "VolleyballSpiking": 0.09194795220009469}, "mAP": 0.3579298224644061}