{"AP": {"BaseballPitch": 0.002434605673809355, "BasketballDunk": 0.028882131087313925, "Billiards": 0.0035403965958467902, "CleanAndJerk": 0.06891400443623372, "CliffDiving": 0.08615553653367126, "CricketBowling": 0.007616008181602396, "CricketShot": 0.0059676457993263765, "Diving": 0.15962599502628289, "FrisbeeCatch": 0.0038051109540961784, "GolfSwing": 0.008888351307825258, "HammerThrow": 0.13712072895117827, "HighJump": 0.05844887217149026, "JavelinThrow": 0.07151415099817147, "LongJump": 0.1447038056862811, "PoleVault": 0.40607743343351843, "Shotput": 0.02549185747362501, "SoccerPenalty": 0.0024977309714718844, "TennisSwing": 0.009710492680307182, "ThrowDiscus": 0.03411915107315701, "VolleyballSpiking": 0.013284752098772567}, "mAP": 0.06393993805669908}