{"AP": {"BaseballPitch": 0.27083038309236834, "BasketballDunk": 0.6947526868704297, "Billiards": 0.3166007249965158, "CleanAndJerk": 0.7047737565340009, "CliffDiving": 0.7500546118966254, "CricketBowling": 0.4010760081700078, "CricketShot": 0.18463601697549814, "Diving": 0.708367603498508, "FrisbeeCatch": 0.1979021491651157, "GolfSwing": 0.41817772339702386, "HammerThrow": 0.8203406088105383, "HighJump": 0.5297263142691021, "JavelinThrow": 0.6609488427142782, "LongJump": 0.7745621891732392, "PoleVault": 0.8499610820406316, "Shotput": 0.647869581597856, "SoccerPenalty": 0.29996575729261965, "TennisSwing": 0.44118433637154336, "ThrowDiscus": 0.6399699688732144, "VolleyballSpiking": 0.21218861628334212}, "mAP": 0.5261944481011229}