{"AP": {"BaseballPitch": 0.07003398882186615, "BasketballDunk": 0.6094348925530587, "Billiards": 0.2983970384686257, "CleanAndJerk": 0.7035259280096483, "CliffDiving": 0.8116282176589567, "CricketBowling": 0.3039155860772805, "CricketShot": 0.16606461727464158, "Diving": 0.7659539828965244, "FrisbeeCatch": 0.26870082484327884, "GolfSwing": 0.2787735613231205, "HammerThrow": 0.8007621857600418, "HighJump": 0.46528000783968976, "JavelinThrow": 0.6388402780746725, "LongJump": 0.7643680875287147, "PoleVault": 0.8744968942722142, "Shotput": 0.5734739906405395, "SoccerPenalty": 0.17443112058931182, "TennisSwing": 0.4052750841812797, "ThrowDiscus": 0.5671414419630889, "VolleyballSpiking": 0.1958210952915808}, "mAP": 0.48681594120340677}