{"AP": {"BaseballPitch": 0.1154311007094689, "BasketballDunk": 0.6351654226404015, "Billiards": 0.32445004735983207, "CleanAndJerk": 0.751164159761872, "CliffDiving": 0.77637044260959, "CricketBowling": 0.2607561699040737, "CricketShot": 0.18955640524092593, "Diving": 0.8083595516994735, "FrisbeeCatch": 0.16534736112974685, "GolfSwing": 0.3389360695463015, "HammerThrow": 0.7905877286228815, "HighJump": 0.44991748430732503, "JavelinThrow": 0.5830863319924654, "LongJump": 0.7506460741415457, "PoleVault": 0.8692879402672704, "Shotput": 0.5157084014617996, "SoccerPenalty": 0.0519766745991494, "TennisSwing": 0.43571723288410064, "ThrowDiscus": 0.5428125799360798, "VolleyballSpiking": 0.24370287418462244}, "mAP": 0.4799490026499463}