{"AP": {"BaseballPitch": 0.25164908733170416, "BasketballDunk": 0.7074450500866495, "Billiards": 0.30731863062805315, "CleanAndJerk": 0.7105873324194396, "CliffDiving": 0.804266938725402, "CricketBowling": 0.35499633298189276, "CricketShot": 0.20894766625161756, "Diving": 0.7845482083307651, "FrisbeeCatch": 0.2230689571438107, "GolfSwing": 0.6025433712243793, "HammerThrow": 0.8221392606052293, "HighJump": 0.5043736122492156, "JavelinThrow": 0.6388547600542698, "LongJump": 0.7847795576659987, "PoleVault": 0.852333199699514, "Shotput": 0.6295175156575537, "SoccerPenalty": 0.32492268056969376, "TennisSwing": 0.4651230304405139, "ThrowDiscus": 0.6229340801563127, "VolleyballSpiking": 0.2479371280329128}, "mAP": 0.5424143200127464}