{"AP": {"BaseballPitch": 0.14511917182620768, "BasketballDunk": 0.6372576536609637, "Billiards": 0.30952084762348814, "CleanAndJerk": 0.7138797010422138, "CliffDiving": 0.8041764234546993, "CricketBowling": 0.3587179677098279, "CricketShot": 0.15264063563916447, "Diving": 0.8014737933977125, "FrisbeeCatch": 0.31910550777076824, "GolfSwing": 0.3042610829106114, "HammerThrow": 0.8116812790767081, "HighJump": 0.4053077104726608, "JavelinThrow": 0.6132487551980202, "LongJump": 0.7299890096316795, "PoleVault": 0.847349498224207, "Shotput": 0.617587521312308, "SoccerPenalty": 0.27027420326597845, "TennisSwing": 0.4097724459301656, "ThrowDiscus": 0.5752003192917956, "VolleyballSpiking": 0.18372992978114236}, "mAP": 0.5005146728610161}