{"AP": {"BaseballPitch": 0.1816774879330924, "BasketballDunk": 0.6737559466099731, "Billiards": 0.303551502068275, "CleanAndJerk": 0.7211739337275294, "CliffDiving": 0.7961468755312318, "CricketBowling": 0.36355134585069304, "CricketShot": 0.2257319826560163, "Diving": 0.768686083210675, "FrisbeeCatch": 0.3190189116949937, "GolfSwing": 0.5036975799340471, "HammerThrow": 0.8150676059482809, "HighJump": 0.480378455161349, "JavelinThrow": 0.652686284166792, "LongJump": 0.7683236620168069, "PoleVault": 0.8479991728795536, "Shotput": 0.5945567348332765, "SoccerPenalty": 0.28737999918516377, "TennisSwing": 0.479995240396322, "ThrowDiscus": 0.5841628115526151, "VolleyballSpiking": 0.26538521105807605}, "mAP": 0.5316463413207382}