{"AP": {"BaseballPitch": 0.09260699152541481, "BasketballDunk": 0.5990243402997419, "Billiards": 0.2952264697248995, "CleanAndJerk": 0.7323815544921232, "CliffDiving": 0.7605289153344978, "CricketBowling": 0.262655237727875, "CricketShot": 0.18192129874507434, "Diving": 0.7880999434626118, "FrisbeeCatch": 0.2926865757822456, "GolfSwing": 0.40456368763927686, "HammerThrow": 0.7954213174557083, "HighJump": 0.42768046692835054, "JavelinThrow": 0.609857234600359, "LongJump": 0.7697905138033572, "PoleVault": 0.852196657005359, "Shotput": 0.5599520339519259, "SoccerPenalty": 0.10009954782287597, "TennisSwing": 0.46964317423093765, "ThrowDiscus": 0.5822503554907843, "VolleyballSpiking": 0.24078476088538397}, "mAP": 0.49086855384544004}