{"AP": {"BaseballPitch": 0.13339043539043718, "BasketballDunk": 0.6731158947554553, "Billiards": 0.30905716444799075, "CleanAndJerk": 0.7179403608714577, "CliffDiving": 0.816375570293485, "CricketBowling": 0.3427667528605612, "CricketShot": 0.1897618583950354, "Diving": 0.7639633356067262, "FrisbeeCatch": 0.297600399155539, "GolfSwing": 0.40853293906732724, "HammerThrow": 0.8241485976602376, "HighJump": 0.4811012807703454, "JavelinThrow": 0.6276515013024078, "LongJump": 0.7609602876668276, "PoleVault": 0.8525066150065734, "Shotput": 0.5978671579833874, "SoccerPenalty": 0.2482371036438748, "TennisSwing": 0.48350486923204383, "ThrowDiscus": 0.6341441677448375, "VolleyballSpiking": 0.23171250174070424}, "mAP": 0.5197169396797628}