{"AP": {"BaseballPitch": 0.07379656629062328, "BasketballDunk": 0.6594529353340395, "Billiards": 0.3221082804192134, "CleanAndJerk": 0.7243262740277754, "CliffDiving": 0.8059723465529177, "CricketBowling": 0.30502443628636017, "CricketShot": 0.20098376700765905, "Diving": 0.7541297928322748, "FrisbeeCatch": 0.2177241861713732, "GolfSwing": 0.37925178464469383, "HammerThrow": 0.8080503454652658, "HighJump": 0.47749140234783305, "JavelinThrow": 0.5530643319470402, "LongJump": 0.7551567233178634, "PoleVault": 0.8751980237052478, "Shotput": 0.598711150437188, "SoccerPenalty": 0.21638812811176103, "TennisSwing": 0.4151219905072666, "ThrowDiscus": 0.6221596191309722, "VolleyballSpiking": 0.18877379935569183}, "mAP": 0.497644294194653}