{"AP": {"BaseballPitch": 0.07746813479291649, "BasketballDunk": 0.5299505453560445, "Billiards": 0.2946755011148363, "CleanAndJerk": 0.7462437957854311, "CliffDiving": 0.7048633576121134, "CricketBowling": 0.21124673831884622, "CricketShot": 0.16028788892785667, "Diving": 0.7960932578079459, "FrisbeeCatch": 0.04462390205728929, "GolfSwing": 0.10894916718363423, "HammerThrow": 0.7380487372095158, "HighJump": 0.41867807142374264, "JavelinThrow": 0.5264869883355063, "LongJump": 0.695899222145053, "PoleVault": 0.8457588188192916, "Shotput": 0.4128163769560447, "SoccerPenalty": 0.021711605086067187, "TennisSwing": 0.21695873752433184, "ThrowDiscus": 0.41701330708961437, "VolleyballSpiking": 0.18258483806340398}, "mAP": 0.4075179495804743}