{"AP": {"BaseballPitch": 0.051156534882898536, "BasketballDunk": 0.5744304047125909, "Billiards": 0.3195321040847085, "CleanAndJerk": 0.7309059596551495, "CliffDiving": 0.7305496487578564, "CricketBowling": 0.23347026390576045, "CricketShot": 0.1791133610339835, "Diving": 0.7975796351096087, "FrisbeeCatch": 0.17361068282868264, "GolfSwing": 0.15753140858457854, "HammerThrow": 0.720693051952932, "HighJump": 0.40453464127960753, "JavelinThrow": 0.5718235028826242, "LongJump": 0.7510495305389842, "PoleVault": 0.8481975794278322, "Shotput": 0.4917499115717179, "SoccerPenalty": 0.10451389267059125, "TennisSwing": 0.26383450461641017, "ThrowDiscus": 0.39695403518008615, "VolleyballSpiking": 0.1610909676258048}, "mAP": 0.43311608106512045}