{"AP": {"BaseballPitch": 0.20671889492120293, "BasketballDunk": 0.7148338374623342, "Billiards": 0.33289631491972305, "CleanAndJerk": 0.6687201265432624, "CliffDiving": 0.8020276399066275, "CricketBowling": 0.32238293821367436, "CricketShot": 0.17485814628458712, "Diving": 0.7596090556173183, "FrisbeeCatch": 0.2998246027728858, "GolfSwing": 0.40241023422891753, "HammerThrow": 0.830856453762219, "HighJump": 0.491661131861626, "JavelinThrow": 0.6504881321515846, "LongJump": 0.7737226282644067, "PoleVault": 0.8446022203746895, "Shotput": 0.6233424671310555, "SoccerPenalty": 0.2700718174258371, "TennisSwing": 0.41950310320481443, "ThrowDiscus": 0.556139455137997, "VolleyballSpiking": 0.27725627787193063}, "mAP": 0.5210962739028348}