{"AP": {"Pick something up": 0.12023930842446112, "Point": 0.048268420890486906, "Drink": 0.21856989475095406, "Stand up": 0.16152284440655507, "Run": 0.29008979835944054, "Sit down": 0.16449244985658515, "Read": 0.06490828586257169, "Smoke": 0.09763259249140582, "Drive car": 0.4982604996215086, "Open door": 0.13904648683812493, "Give something": 0.027712843133317358, "Use computer": 0.05022678545328063, "Write": 0.022324115476938276, "Close door": 0.062506105100794, "Go down stairway": 0.06851425830697641, "Go up stairway": 0.02127218295457118, "Throw something": 0.02644221298100141, "Get in/out of car": 0.06981059738054021, "Hang up phone": 0.00649809469376697, "Eat": 0.045429418219061726, "Answer phone": 0.0019472171262198208, "Clap": 0.032503724366169676, "Dress up": 0.007131823958395029, "Undress": 0.020424167458064822, "Kiss": 0.1464749872914611, "Fall/trip": 0.05118867865114626, "Wave": 0.0062106638698955444, "Pour": 0.013582461749615022, "Punch": 0.02331347047253778, "Fire weapon": 0.004418965963220752}, "mAP": 0.08369877853696892}