{"AP": {"Pick something up": 0.12298561188324894, "Point": 0.05031369711446028, "Drink": 0.2495803180535214, "Stand up": 0.1782590772691576, "Run": 0.2968402166763151, "Sit down": 0.17994774412121048, "Read": 0.06047079920377613, "Smoke": 0.09376941901485947, "Drive car": 0.4841750184377749, "Open door": 0.1255990664404965, "Give something": 0.03373965118512051, "Use computer": 0.050526762701979804, "Write": 0.0169203474992421, "Close door": 0.0807488921574849, "Go down stairway": 0.08572927495313112, "Go up stairway": 0.02434412757435076, "Throw something": 0.03292694029749527, "Get in/out of car": 0.08484204508323043, "Hang up phone": 0.007197633262284056, "Eat": 0.045236183899706385, "Answer phone": 0.0024447217980781252, "Clap": 0.044991976340297765, "Dress up": 0.00928132661654384, "Undress": 0.020958520319836343, "Kiss": 0.17876459060498442, "Fall/trip": 0.03845517139533801, "Wave": 0.004691696430627159, "Pour": 0.013509865971472912, "Punch": 0.018647805508804977, "Fire weapon": 0.008548740668916506}, "mAP": 0.08814824141612489}