{"AP": {"Pick something up": 0.8410649288839164, "Point": 0.6951180885459677, "Drink": 0.913494813190111, "Stand up": 0.9165638706599, "Run": 0.9404868860646739, "Sit down": 0.8805606611098241, "Read": 0.7534232919956083, "Smoke": 0.8037256966462187, "Drive car": 0.966054848497768, "Open door": 0.8903051280993628, "Give something": 0.801722741440015, "Use computer": 0.8279834668690256, "Write": 0.70648119230259, "Close door": 0.9007491298927316, "Go down stairway": 0.8955927282346852, "Go up stairway": 0.8354869365639417, "Throw something": 0.8836603743744866, "Get in/out of car": 0.9597609050449345, "Hang up phone": 0.8731920744365351, "Eat": 0.8809216858883273, "Answer phone": 0.7315362351501085, "Clap": 0.8764280840890842, "Dress up": 0.6681214558761244, "Undress": 0.8534774328303251, "Kiss": 0.8939137858337157, "Fall/trip": 0.9195259778115432, "Wave": 0.8092557427128716, "Pour": 0.7562420976098643, "Punch": 0.9633121634382027, "Fire weapon": 0.9262422828936733}, "mAP": 0.8521468235662046}