{"AP": {"Pick something up": 0.11913665425048804, "Point": 0.0429433025006242, "Drink": 0.22396275688011888, "Stand up": 0.16359087892453125, "Run": 0.25501772158816893, "Sit down": 0.16250873912786556, "Read": 0.06231187102016779, "Smoke": 0.08243160719974046, "Drive car": 0.48647303386874674, "Open door": 0.1444541333006524, "Give something": 0.023820081394973866, "Use computer": 0.044101501807836944, "Write": 0.020664464668028758, "Close door": 0.08064766613468248, "Go down stairway": 0.032654735040021005, "Go up stairway": 0.02070169143958685, "Throw something": 0.029463425108186798, "Get in/out of car": 0.07227700856743538, "Hang up phone": 0.007416948415874497, "Eat": 0.026837127835932513, "Answer phone": 0.0021016021199221696, "Clap": 0.02820112721352566, "Dress up": 0.012077047604261218, "Undress": 0.01966898355506405, "Kiss": 0.15590235443526923, "Fall/trip": 0.04515330949321493, "Wave": 0.01365056284891332, "Pour": 0.031211595736196168, "Punch": 0.011075172703564843, "Fire weapon": 0.011423502829100724}, "mAP": 0.08106268692042319}