{"AP": {"Pick something up": 0.11885534791265226, "Point": 0.05023875925428761, "Drink": 0.27129036743011375, "Stand up": 0.18522064724907256, "Run": 0.3285988443971946, "Sit down": 0.19015977825014196, "Read": 0.07047157387988218, "Smoke": 0.11172039245883421, "Drive car": 0.47714121618699906, "Open door": 0.1525233970604158, "Give something": 0.039814692404666494, "Use computer": 0.06483018784518747, "Write": 0.023439329835458853, "Close door": 0.08644574335656205, "Go down stairway": 0.09149771820731258, "Go up stairway": 0.027113786612250758, "Throw something": 0.03359661722793155, "Get in/out of car": 0.08651233458689167, "Hang up phone": 0.010081404189235643, "Eat": 0.04219796950956087, "Answer phone": 0.002524213680326434, "Clap": 0.036850874782896594, "Dress up": 0.007468834213718656, "Undress": 0.02390424281762204, "Kiss": 0.17453858412274587, "Fall/trip": 0.04451878659662509, "Wave": 0.004257825994853904, "Pour": 0.02058455480699231, "Punch": 0.02907034802822227, "Fire weapon": 0.0027894791768885447}, "mAP": 0.09360859506918479}