{"AP": {"BaseballPitch": 0.38111695326505923, "BasketballDunk": 0.7169763403361988, "Billiards": 0.27531870452600754, "CleanAndJerk": 0.7294384504461189, "CliffDiving": 0.7931003182869171, "CricketBowling": 0.44171326314897996, "CricketShot": 0.22632447173313086, "Diving": 0.8029848492446894, "FrisbeeCatch": 0.2154331204707132, "GolfSwing": 0.4587735504620084, "HammerThrow": 0.8464316302405029, "HighJump": 0.5274775322725926, "JavelinThrow": 0.6481624380731607, "LongJump": 0.8162712283811813, "PoleVault": 0.8698206072068696, "Shotput": 0.7069550468298204, "SoccerPenalty": 0.3356548834651081, "TennisSwing": 0.4918061003261864, "ThrowDiscus": 0.6587130237727551, "VolleyballSpiking": 0.2744535710804882}, "mAP": 0.5608463041784244}